ID,Title,Music_Prompt,Video_Title,Video_Caption_KR,Video_Caption_EN,Theme,ColorPreset
NM001,Gentle Delta Waves - Deep Sleep Journey,Create a deep delta binaural beats track for sleep. Blend soft ASMR textures: light breath-like white noise soft rustling warm ambient air. Everything must be slow warm intimate and safe like a quiet night inside a comforting space. No sudden volume spikes. Balanced low-end soothing mid frequencies zero harsh treble. Delta frequency 0.5-4Hz prominent.,Deep Delta Waves ğŸŒ™ 1 Hour Deep Sleep Music,"ì˜¤ëŠ˜ í•˜ë£¨ë„ ì •ë§ ìˆ˜ê³  ë§ìœ¼ì…¨ì–´ìš” ğŸ’™

ì´ ìŒì•…ì€ ê¹Šì€ ì ì„ ìœ„í•´ íŠ¹ë³„íˆ ì¤€ë¹„í–ˆì–´ìš”. Delta íŒŒí˜•(0.5-4Hz)ì´ ë‹¹ì‹ ì˜ ë‡ŒíŒŒë¥¼ ìì—°ìŠ¤ëŸ½ê²Œ ê¹Šì€ ìˆ˜ë©´ ìƒíƒœë¡œ ì´ëŒì–´ì¤„ ê±°ì˜ˆìš”.

âœ¨ ì´ë ‡ê²Œ ë“¤ì–´ë³´ì„¸ìš”:
â€¢ ì¹¨ëŒ€ì— í¸ì•ˆíˆ ëˆ„ì›Œì„œ ëˆˆì„ ê°ì•„ìš”
â€¢ ì²œì²œíˆ ê¹Šê²Œ í˜¸í¡í•˜ë©´ì„œ ìŒì•…ì— ëª¸ì„ ë§¡ê²¨ë³´ì„¸ìš”
â€¢ 10-15ë¶„ ì •ë„ ì§€ë‚˜ë©´ ìì—°ìŠ¤ëŸ½ê²Œ ì¡¸ìŒì´ ì˜¬ ê±°ì˜ˆìš”

ğŸ’« ì´ ìŒì•…ì´ ë„ì™€ì¤„ ê±°ì˜ˆìš”:
â€¢ ë³µì¡í•œ ìƒê°ë“¤ì„ ì¡°ìš©íˆ ë‚´ë ¤ë†“ì„ ìˆ˜ ìˆì–´ìš”
â€¢ ëª¸ì˜ ê¸´ì¥ì´ ìŠ¤ë¥´ë¥´ í’€ë ¤ìš”
â€¢ ê¹Šê³  í¸ì•ˆí•œ ì ì— ë¹ ì ¸ë“¤ ìˆ˜ ìˆì–´ìš”

ë§¤ì¼ ë°¤ ê°™ì€ ì‹œê°„ì— ë“¤ìœ¼ë©´ ë” íš¨ê³¼ì ì´ì—ìš”. ë‹¹ì‹ ì˜ ë‡Œê°€ ì´ ìŒì•…ì„ ë“£ëŠ” ìˆœê°„ 'ì•„, ì´ì œ ì˜ ì‹œê°„ì´êµ¬ë‚˜' í•˜ê³  ìì—°ìŠ¤ëŸ½ê²Œ ì¤€ë¹„í•˜ê²Œ ë˜ê±°ë“ ìš”.

í¸ì•ˆí•œ ë°¤ ë˜ì„¸ìš” ğŸŒ™
ì¢‹ì€ ê¿ˆ ê¾¸ì„¸ìš” âœ¨

#DeepSleep #DeltaWaves #BinauralBeats #SleepMusic #ê¹Šì€ìˆ˜ë©´ #ìˆ˜ë©´ìŒì•… #ë¶ˆë©´ì¦ #ìˆ™ë©´ #íë§ìŒì•… #ëª…ìƒìŒì•…","You worked so hard today ğŸ’™

This music was specially prepared for deep sleep. Delta waves (0.5-4Hz) will naturally guide your brainwaves into a deep sleep state.

âœ¨ Here's how to listen:
â€¢ Lie down comfortably in bed and close your eyes
â€¢ Breathe slowly and deeply, letting your body surrender to the music
â€¢ After about 10-15 minutes, you'll naturally feel sleepy

ğŸ’« This music will help you:
â€¢ Quietly let go of complicated thoughts
â€¢ Release tension from your body
â€¢ Fall into deep, peaceful sleep

It's more effective if you listen at the same time every night. Your brain will naturally prepare for sleep the moment you hear this music.

Have a peaceful night ğŸŒ™
Sweet dreams âœ¨

#DeepSleep #DeltaWaves #BinauralBeats #SleepMusic #Insomnia #RestfulSleep #HealingMusic #Meditation",moonlight,softPink
NM002,Theta Meditation - Calm Mind,Create theta wave ambient music for meditation. Soft water sounds gentle bell tones ethereal pads. Frequency: 4-8Hz for deep relaxation. Include subtle breath rhythm 6 breaths per minute. Warm intimate peaceful. No harsh sounds only gentle flowing textures.,Theta Meditation Waves ğŸ§˜ Deep Relaxation Music,"ë§ˆìŒì´ ë³µì¡í•œ ë°¤ì´ë„¤ìš” ğŸŒ¿

ì´ ìŒì•…ì€ ë‹¹ì‹ ì˜ ë§ˆìŒì„ ì°¨ë¶„í•˜ê²Œ ì •ë¦¬í•´ì¤„ ê±°ì˜ˆìš”. Theta íŒŒí˜•(4-8Hz)ì´ ê¹Šì€ ëª…ìƒ ìƒíƒœë¡œ ìì—°ìŠ¤ëŸ½ê²Œ ì´ëŒì–´ì¤˜ìš”.

âœ¨ ì¶”ì²œí•˜ëŠ” ì‹œê°„:
â€¢ ì ë“¤ê¸° 30ë¶„ ì „ì— ë“¤ìœ¼ë©´ ì¢‹ì•„ìš”
â€¢ ëª…ìƒì´ë‚˜ ìš”ê°€í•  ë•Œë„ ì™„ë²½í•´ìš”
â€¢ ë³µì¡í•œ ìƒê° ì •ë¦¬ê°€ í•„ìš”í•  ë•Œ

ğŸ’­ ì´ëŸ° ë¶„ë“¤ì—ê²Œ ì¶”ì²œí•´ìš”:
â€¢ ì ë“¤ê¸° ì „ ìƒê°ì´ ë§ì•„ì§€ëŠ” ë¶„
â€¢ ë§ˆìŒì´ ë¶ˆì•ˆí•˜ê³  ì´ˆì¡°í•œ ë¶„
â€¢ ê¹Šì€ ëª…ìƒì„ ì›í•˜ëŠ” ë¶„

ì²œì²œíˆ í˜¸í¡í•˜ë©´ì„œ ë“¤ì–´ë³´ì„¸ìš”. ë‹¹ì‹ ì˜ ë§ˆìŒì´ ì¡°ê¸ˆì”© ê³ ìš”í•´ì§€ëŠ” ê±¸ ëŠë‚„ ìˆ˜ ìˆì„ ê±°ì˜ˆìš”. ì–µì§€ë¡œ ìƒê°ì„ ë©ˆì¶”ë ¤ í•˜ì§€ ë§ê³ , ê·¸ëƒ¥ ìŒì•…ì´ íë¥´ëŠ” ëŒ€ë¡œ ë§ˆìŒë„ í•¨ê»˜ í˜ëŸ¬ê°€ê²Œ í•´ì£¼ì„¸ìš”.

ì˜¤ëŠ˜ ë°¤ë§Œí¼ì€ ëª¨ë“  ê±±ì •ì„ ë‚´ë ¤ë†“ì•„ìš” âœ¨
ë‹¹ì‹ ì€ ì¶©ë¶„íˆ ì˜í•˜ê³  ìˆì–´ìš” ğŸ’š

#ThetaWaves #Meditation #ëª…ìƒìŒì•… #ë§ˆìŒì±™ê¹€ #íë§ #ë¶ˆì•ˆì™„í™” #ìŠ¤íŠ¸ë ˆìŠ¤í•´ì†Œ #BinauralBeats #RelaxationMusic","Your mind seems busy tonight ğŸŒ¿

This music will help calm and organize your thoughts. Theta waves (4-8Hz) will naturally guide you into a deep meditative state.

âœ¨ Recommended time:
â€¢ Perfect 30 minutes before sleep
â€¢ Great for meditation or yoga
â€¢ When you need to organize complex thoughts

ğŸ’­ Recommended for:
â€¢ Those with racing thoughts before bed
â€¢ Those feeling anxious or restless
â€¢ Those seeking deep meditation

Listen while breathing slowly. You'll feel your mind gradually becoming calm. Don't force yourself to stop thinking - just let your mind flow with the music.

Tonight, let go of all worries âœ¨
You're doing wonderfully ğŸ’š

#ThetaWaves #Meditation #Mindfulness #Healing #AnxietyRelief #StressRelief #BinauralBeats #RelaxationMusic",zenfocus,softGreen
NM003,Alpha Relaxation - Peaceful Evening,Create alpha wave music for relaxed awareness. Gentle piano notes soft string harmonics warm pads. Frequency: 8-12Hz. Include nature sounds: light rain distant birds. Everything flows naturally no tension. Calming bedtime atmosphere.,Alpha Relaxation ğŸŒ… Peaceful Evening Music,"í•˜ë£¨ë¥¼ ë§ˆë¬´ë¦¬í•˜ëŠ” ì‹œê°„ì´ì—ìš” ğŸŒ¸

ê¸´ í•˜ë£¨ ì •ë§ ê³ ìƒ ë§ì•˜ì–´ìš”. ì´ì œ ë‹¹ì‹ ë§Œì˜ ì‹œê°„ì´ì—ìš”. Alpha íŒŒí˜•(8-12Hz)ì´ í•˜ë£¨ì˜ ê¸´ì¥ì„ ë¶€ë“œëŸ½ê²Œ í’€ì–´ì¤„ ê±°ì˜ˆìš”.

âœ¨ ì´ëŸ° ìˆœê°„ì— ë“¤ì–´ë³´ì„¸ìš”:
â€¢ ì €ë… ì‹ì‚¬ í›„ ì°¨ í•œ ì”ê³¼ í•¨ê»˜
â€¢ ì¼ê¸°ë¥¼ ì“°ê±°ë‚˜ ì±…ì„ ì½ì„ ë•Œ
â€¢ ì ë“¤ê¸° ì „ í•˜ë£¨ë¥¼ ì •ë¦¬í•˜ëŠ” ì‹œê°„

ğŸŒ™ ì´ ìŒì•…ì˜ íŠ¹ë³„í•œ ì :
â€¢ ë„ˆë¬´ ì¡¸ë¦¬ì§€ ì•Šìœ¼ë©´ì„œë„ í¸ì•ˆí•´ìš”
â€¢ ì°½ì˜ì ì¸ ìƒê°ì´ ë– ì˜¤ë¥´ê¸°ë„ í•´ìš”
â€¢ ë§ˆìŒì´ ì°¨ë¶„í•˜ê²Œ ì •ë¦¬ë¼ìš”

ì–µì§€ë¡œ ì ë“¤ë ¤ê³  í•˜ì§€ ì•Šì•„ë„ ê´œì°®ì•„ìš”. ê·¸ëƒ¥ í¸ì•ˆí•˜ê²Œ í•˜ë£¨ë¥¼ ëŒì•„ë³´ë©´ì„œ ìŒì•…ì„ ë“¤ì–´ë³´ì„¸ìš”. ë‹¹ì‹ ì´ ì˜¤ëŠ˜ ì–¼ë§ˆë‚˜ ì—´ì‹¬íˆ ì‚´ì•˜ëŠ”ì§€, ì‘ì€ ê²ƒ í•˜ë‚˜í•˜ë‚˜ê°€ ëª¨ë‘ ì†Œì¤‘í•´ìš”.

ì˜¤ëŠ˜ì˜ ë‹¹ì‹ ì—ê²Œ ê°ì‚¬í•´ìš” âœ¨
í¸ì•ˆí•œ ì €ë… ë˜ì„¸ìš” ğŸŒ…

#AlphaWaves #EveningRoutine #ì €ë…ë£¨í‹´ #í•˜ë£¨ë§ˆë¬´ë¦¬ #ë¦´ë ‰ìŠ¤ #í‰ì˜¨ #BinauralBeats #CalmMusic #ëª…ìƒ #íë§","Time to close your day ğŸŒ¸

You worked so hard through this long day. Now it's your time. Alpha waves (8-12Hz) will gently release the day's tension.

âœ¨ Perfect moments for this:
â€¢ After dinner with a cup of tea
â€¢ While journaling or reading
â€¢ Before bed while reflecting on your day

ğŸŒ™ What makes this music special:
â€¢ Relaxing without making you too sleepy
â€¢ May spark creative thoughts
â€¢ Helps organize your mind calmly

You don't have to force yourself to sleep. Just listen comfortably while reflecting on your day. Remember how hard you lived today - every small thing matters.

Thank you for today's you âœ¨
Have a peaceful evening ğŸŒ…

#AlphaWaves #EveningRoutine #Relaxation #Peace #BinauralBeats #CalmMusic #Meditation #Healing",creativeflow,softYellow
NM004,Delta Sleep Sanctuary - Night Cocoon,Create deep delta sleep music with cocoon-like safety. Ultra-soft white noise heartbeat at 60 BPM womb-like atmosphere. Frequency: 1-3Hz. Extremely gentle no sudden changes. Like being wrapped in warm blankets. Ultimate comfort zone.,Delta Sleep Sanctuary ğŸŒ™ Safe Night Cocoon,"ì˜¤ëŠ˜ ë°¤ì€ íŠ¹ë³„íˆ ì•ˆì „í•œ ë°¤ì´ì—ìš” ğŸ’«

ì´ ìŒì•…ì€ ë§ˆì¹˜ ë”°ëœ»í•œ ë‹´ìš”ë¡œ í¬ê·¼í•˜ê²Œ ê°ì‹¸ì£¼ëŠ” ê²ƒì²˜ëŸ¼ ë§Œë“¤ì—ˆì–´ìš”. Delta íŒŒí˜•(1-3Hz)ê³¼ ì‹¬ì¥ë°•ë™ ì†Œë¦¬ê°€ ì—„ë§ˆ ë±ƒì†ì²˜ëŸ¼ ì•ˆì „í•œ ëŠë‚Œì„ ì¤„ ê±°ì˜ˆìš”.

âœ¨ íŠ¹ë³„íˆ ì´ëŸ° ë°¤ì— ë“¤ì–´ë³´ì„¸ìš”:
â€¢ ì™¸ë¡­ê±°ë‚˜ ë¶ˆì•ˆí•œ ë°¤
â€¢ í˜¼ì ìˆëŠ” ê²Œ ë¬´ì„œìš´ ë°¤
â€¢ ëˆ„êµ°ê°€ ê³ì— ìˆëŠ” ê²ƒ ê°™ì€ ëŠë‚Œì´ í•„ìš”í•œ ë°¤

ğŸ’ ì´ ìŒì•…ì´ ë§Œë“¤ì–´ì£¼ëŠ” ê²ƒë“¤:
â€¢ ì„¸ìƒì—ì„œ ê°€ì¥ ì•ˆì „í•œ ê³µê°„
â€¢ ì•„ë¬´ ê±±ì • ì—†ì´ ì‰´ ìˆ˜ ìˆëŠ” ì‹œê°„
â€¢ ë‹¹ì‹ ì„ ì§€ì¼œì£¼ëŠ” ë”°ëœ»í•œ ëŠë‚Œ

í—¤ë“œí°ë³´ë‹¤ëŠ” ìŠ¤í”¼ì»¤ë¡œ ì‘ì€ ë³¼ë¥¨ìœ¼ë¡œ ë“¤ìœ¼ë©´ ë” ì¢‹ì•„ìš”. ë§ˆì¹˜ ëˆ„êµ°ê°€ ì˜†ì—ì„œ ì¡°ìš©íˆ ì§€ì¼œì£¼ëŠ” ê²ƒ ê°™ì€ ëŠë‚Œì´ ë“¤ ê±°ì˜ˆìš”.

ë‹¹ì‹ ì€ ì†Œì¤‘í•œ ì‚¬ëŒì´ì—ìš” ğŸ’™
ì˜¤ëŠ˜ ë°¤ì€ í‘¹ ì‰¬ì–´ìš” ğŸŒ™

#SafeSleep #DeltaWaves #ì•ˆì „í•œë°¤ #ë¶ˆì•ˆì™„í™” #ìˆ˜ë©´ìŒì•… #í¬ê·¼í•œë°¤ #íë§ #ComfortZone #BinauralBeats","Tonight is an especially safe night ğŸ’«

This music was made to wrap you warmly like a cozy blanket. Delta waves (1-3Hz) and heartbeat sounds will give you a safe feeling like being in mother's womb.

âœ¨ Perfect for nights when you:
â€¢ Feel lonely or anxious
â€¢ Are scared of being alone
â€¢ Need to feel someone's presence

ğŸ’ What this music creates:
â€¢ The safest space in the world
â€¢ Time to rest without any worries
â€¢ A warm feeling of being protected

Better to use speakers at low volume than headphones. It'll feel like someone is quietly watching over you.

You are precious ğŸ’™
Rest deeply tonight ğŸŒ™

#SafeSleep #DeltaWaves #AnxietyRelief #SleepMusic #CozyNight #Healing #ComfortZone #BinauralBeats",moonlight,softPink
NM005,Theta Dream Portal - Lucid Sleep,Create theta-delta crossover for lucid dreaming. Soft bell tones crystal sounds ethereal vocals. Frequency: 4-6Hz gentle transition. Include subtle guidance tones. Mystical but comforting not scary. Dream-friendly atmosphere.,Theta Dream Portal ğŸŒ  Lucid Sleep Journey,"ì˜¤ëŠ˜ ë°¤ì€ íŠ¹ë³„í•œ ê¿ˆì„ ê¿€ ê±°ì˜ˆìš” ğŸŒŸ

ì´ ìŒì•…ì€ ê¿ˆì˜ ì„¸ê³„ë¡œ ë¶€ë“œëŸ½ê²Œ ì•ˆë‚´í•´ì¤˜ìš”. Theta-Delta íŒŒí˜•(4-6Hz)ì´ ì„ ëª…í•œ ê¿ˆì„ ê¿€ ìˆ˜ ìˆê²Œ ë„ì™€ì¤„ ê±°ì˜ˆìš”.

âœ¨ ë£¨ì‹œë“œ ë“œë¦¼ì„ ìœ„í•œ íŒ:
â€¢ ì ë“¤ê¸° ì „ 'ì˜¤ëŠ˜ ë°¤ ê¿ˆì„ ê¸°ì–µí•  ê±°ì•¼' í•˜ê³  ë‹¤ì§í•´ìš”
â€¢ ë² ê°œ ì˜†ì— ì¼ê¸°ì¥ì„ ë‘ê³  ê¹¨ìë§ˆì ê¿ˆì„ ì ì–´ìš”
â€¢ ë§¤ì¼ ë°¤ ê°™ì€ ì‹œê°„ì— ë“¤ìœ¼ë©´ ë” íš¨ê³¼ì ì´ì—ìš”

ğŸŒ™ ì´ëŸ° ê²½í—˜ì„ í•  ìˆ˜ ìˆì–´ìš”:
â€¢ í‰ì†Œë³´ë‹¤ ì„ ëª…í•˜ê³  ìƒìƒí•œ ê¿ˆ
â€¢ ê¿ˆì†ì—ì„œ 'ì•„, ë‚´ê°€ ê¿ˆì„ ê¾¸ê³  ìˆêµ¬ë‚˜' í•˜ëŠ” ìê°
â€¢ ì•„ì¹¨ì— ê¿ˆì„ ë” ì˜ ê¸°ì–µí•  ìˆ˜ ìˆì–´ìš”

ë¬´ì„œìš´ ê¿ˆì€ ì•ˆ ê¿”ìš”. ì´ ìŒì•…ì€ í¸ì•ˆí•˜ê³  ì•„ë¦„ë‹¤ìš´ ê¿ˆì˜ ì„¸ê³„ë¡œë§Œ ë°ë ¤ë‹¤ì¤„ ê±°ì˜ˆìš”. ê¿ˆì†ì—ì„œë„ ë‹¹ì‹ ì€ ì•ˆì „í•´ìš”.

ì•„ë¦„ë‹¤ìš´ ê¿ˆì˜ ì—¬í–‰ ë˜ì„¸ìš” ğŸŒ 
ë‚´ì¼ ì•„ì¹¨ ì–´ë–¤ ê¿ˆì„ ê¿¨ëŠ”ì§€ ê¶ê¸ˆí•´ìš” âœ¨

#LucidDreaming #ThetaWaves #ë£¨ì‹œë“œë“œë¦¼ #ê¿ˆê¾¸ê¸° #ì„ ëª…í•œê¿ˆ #BinauralBeats #DreamMusic #ëª…ìƒìŒì•…","Tonight you'll have special dreams ğŸŒŸ

This music gently guides you into the dream world. Theta-Delta waves (4-6Hz) will help you have vivid dreams.

âœ¨ Tips for lucid dreaming:
â€¢ Before sleep, affirm 'I will remember my dreams tonight'
â€¢ Keep a journal by your pillow and write dreams immediately upon waking
â€¢ More effective when listened to at the same time every night

ğŸŒ™ You might experience:
â€¢ More vivid and clear dreams than usual
â€¢ Awareness of 'Oh, I'm dreaming' within the dream
â€¢ Better dream recall in the morning

No scary dreams. This music will only take you to peaceful, beautiful dream worlds. You're safe even in dreams.

Have a beautiful dream journey ğŸŒ 
Curious about what dreams you'll have tomorrow morning âœ¨

#LucidDreaming #ThetaWaves #VividDreams #DreamJourney #BinauralBeats #DreamMusic #Meditation",brainboost,electric
NM006,Beta Focus Flow - Gentle Concentration,Create gentle beta waves for relaxed focus. Soft electronic ambient minimal beats. Frequency: 12-15Hz. Not aggressive just gently focused. Includes nature backdrop. Study-friendly sleeping-ready.,Beta Focus Flow ğŸ¯ Gentle Concentration,"ì§‘ì¤‘ë„ ì¢‹ì§€ë§Œ, íœ´ì‹ë„ í•„ìš”í•´ìš” ğŸ’™

ê³µë¶€í•˜ê±°ë‚˜ ì¼í•˜ëŠë¼ Beta íŒŒí˜•ìœ¼ë¡œ ì§‘ì¤‘í–ˆë‹¤ë©´, ì´ì œëŠ” ë‡Œë¥¼ ì‰¬ê²Œ í•´ì¤„ ì‹œê°„ì´ì—ìš”. ì´ ìŒì•…ì€ ë¶€ë“œëŸ¬ìš´ Beta(12-15Hz)ë¡œ ì²œì²œíˆ ê¸´ì¥ì„ í’€ì–´ì¤˜ìš”.

âœ¨ ì´ë ‡ê²Œ ì‚¬ìš©í•´ë³´ì„¸ìš”:
â€¢ ê³µë¶€/ì¼ ëë‚˜ê³  ë°”ë¡œ ì ë“¤ê¸° í˜ë“¤ ë•Œ
â€¢ ë¨¸ë¦¬ëŠ” í”¼ê³¤í•œë° ì ì´ ì•ˆ ì˜¬ ë•Œ
â€¢ ì˜¤ëŠ˜ í•œ ì¼ì„ ì •ë¦¬í•˜ëŠ” ì‹œê°„

ğŸ’­ ì™œ ë°”ë¡œ ìë©´ ì•ˆ ë ê¹Œìš”?
Beta íŒŒí˜•ìœ¼ë¡œ ì§‘ì¤‘í•œ ë‡ŒëŠ” ì•„ì§ ê¹¨ì–´ìˆëŠ” ìƒíƒœì˜ˆìš”. ë°”ë¡œ ì ë“¤ë ¤ê³  í•˜ë©´ ì˜¤íˆë ¤ ì ì´ ì•ˆ ì™€ìš”. ì´ ìŒì•…ì²˜ëŸ¼ ì²œì²œíˆ ì „í™˜í•´ì£¼ëŠ” ê²Œ í•„ìš”í•´ìš”.

ğŸŒ™ ë‹¤ìŒ ë‹¨ê³„:
ì´ ìŒì•… ë“¤ì€ í›„ â†’ Alphaë‚˜ Theta ìŒì•… â†’ Delta ìˆ˜ë©´ ìŒì•…
ì´ë ‡ê²Œ ë‹¨ê³„ì ìœ¼ë¡œ ë“¤ìœ¼ë©´ í›¨ì”¬ ì˜ ììš”!

ì˜¤ëŠ˜ë„ ì—´ì‹¬íˆ í–ˆì–´ìš” âœ¨
ì´ì œ ì²œì²œíˆ ì‰´ ì¤€ë¹„í•´ìš” ğŸŒŸ

#BetaWaves #StudyMusic #ì§‘ì¤‘ìŒì•… #ê³µë¶€ë #íœ´ì‹ì‹œê°„ #ë‡Œíœ´ì‹ #BinauralBeats #TransitionMusic","Focus is good, but rest is also necessary ğŸ’™

If you've been concentrating with Beta waves for study or work, now it's time to let your brain rest. This music gently releases tension with soft Beta (12-15Hz).

âœ¨ Try using it like this:
â€¢ When hard to sleep immediately after study/work
â€¢ When your head is tired but can't fall asleep
â€¢ Time to organize what you did today

ğŸ’­ Why can't you sleep immediately?
A brain that concentrated with Beta waves is still awake. Trying to sleep right away actually prevents sleep. You need a gradual transition like this music.

ğŸŒ™ Next steps:
After this music â†’ Alpha or Theta music â†’ Delta sleep music
Following these steps helps you sleep much better!

You worked hard today âœ¨
Now slowly prepare to rest ğŸŒŸ

#BetaWaves #StudyMusic #AfterStudy #RestTime #BrainRest #BinauralBeats #TransitionMusic",mentalfocus,electric
NM007,Delta Ocean Depths - Deep Water Sleep,Create delta waves with deep ocean ambience. Whale songs distant water sounds deep submarine feeling. Frequency: 0.5-2Hz. Everything in slow motion. Underwater safety primordial comfort. No surface noise.,Delta Ocean Depths ğŸŒŠ Deep Water Sleep,"ê¹Šì€ ë°”ë‹¤ì²˜ëŸ¼ ê³ ìš”í•œ ë°¤ ğŸŒŠ

ì´ ìŒì•…ì€ ê¹Šê³  ê¹Šì€ ë°”ë‹¤ ì†ìœ¼ë¡œ ë°ë ¤ê°€ìš”. Delta íŒŒí˜•(0.5-2Hz)ê³¼ ê³ ë˜ ì†Œë¦¬ê°€ íƒœì´ˆì˜ í‰í™”ë¥¼ ì„ ë¬¼í•´ì¤„ ê±°ì˜ˆìš”.

âœ¨ íŠ¹ë³„í•œ ê²½í—˜:
â€¢ ë§ˆì¹˜ ë¬¼ì†ì— ë– ìˆëŠ” ê²ƒ ê°™ì€ ëŠë‚Œ
â€¢ ëª¨ë“  ì†ŒìŒê³¼ ê±±ì •ì´ ìˆ˜ë©´ ìœ„ì— ë‚¨ê²¨ì ¸ìš”
â€¢ ë‹¹ì‹ ì€ ì¡°ìš©í•˜ê³  í‰í™”ë¡œìš´ ê¹Šì€ ê³³ì— ìˆì–´ìš”

ğŸŒŠ ì´ ìŒì•…ì˜ ë¹„ë°€:
ë°”ë‹¤ëŠ” ëª¨ë“  ìƒëª…ì´ ì‹œì‘ëœ ê³³ì´ì—ìš”. ê¹Šì€ ë°”ë‹¤ ì†Œë¦¬ëŠ” ìš°ë¦¬ ë³¸ëŠ¥ì ìœ¼ë¡œ ì•ˆì „í•¨ì„ ëŠë¼ê²Œ í•´ìš”. ë§ˆì¹˜ ì‹œì‘ì˜ ì¥ì†Œë¡œ ëŒì•„ê°€ëŠ” ê²ƒì²˜ëŸ¼ìš”.

ğŸ’™ ë“¤ìœ¼ë©´ì„œ ìƒìƒí•´ë³´ì„¸ìš”:
ë‹¹ì‹ ì€ ë”°ëœ»í•˜ê³  í‰í™”ë¡œìš´ ê¹Šì€ ë°”ë‹¤ì— ìˆì–´ìš”. ì¤‘ë ¥ë„ ì—†ê³ , ê±±ì •ë„ ì—†ê³ , ì•„ë¬´ê²ƒë„ ì—†ì–´ìš”. ê·¸ì € í‰í™”ë¡œìš´ ë¬¼ì˜ íë¦„ë§Œì´ ë‹¹ì‹ ì„ ë¶€ë“œëŸ½ê²Œ ê°ì‹¸ê³  ìˆì–´ìš”.

ê¹Šì€ í‰í™” ì†ìœ¼ë¡œ ë“¤ì–´ê°€ì„¸ìš” ğŸŒŠ
ì˜¤ëŠ˜ ë°¤ì€ ì•„ì£¼ ê¹Šì€ ì ì„ ì˜ ê±°ì˜ˆìš” ğŸ’™

#DeepSleep #OceanSounds #DeltaWaves #ë°”ë‹¤ì†Œë¦¬ #ê¹Šì€ìˆ˜ë©´ #í‰í™” #ëª…ìƒìŒì•… #BinauralBeats","A night as calm as the deep ocean ğŸŒŠ

This music takes you into the deep, deep ocean. Delta waves (0.5-2Hz) and whale songs will gift you primordial peace.

âœ¨ Special experience:
â€¢ Feels like floating in water
â€¢ All noise and worries stay above the surface
â€¢ You're in a quiet, peaceful depth

ğŸŒŠ This music's secret:
The ocean is where all life began. Deep ocean sounds make us instinctively feel safe - like returning to our origin.

ğŸ’™ Imagine while listening:
You're in a warm, peaceful deep ocean. No gravity, no worries, nothing. Just peaceful water flow gently embracing you.

Enter deep peace ğŸŒŠ
Tonight you'll sleep very deeply ğŸ’™

#DeepSleep #OceanSounds #DeltaWaves #Peace #Meditation #BinauralBeats",ocean,midnight
NM008,Alpha Morning Dew - Gentle Awakening Prep,Create alpha waves for sleep-to-wake bridge. Soft morning bird sounds gentle light feeling. Frequency: 8-10Hz. Prepares gentle awakening while still sleeping. Dawn colors in sound. Hopeful restful.,Alpha Morning Dew ğŸŒ… Gentle Night Bridge,"ë‚´ì¼ì€ ë” ì¢‹ì€ ë‚ ì´ ë  ê±°ì˜ˆìš” â˜€ï¸

ì´ ìŒì•…ì€ ì˜¤ëŠ˜ê³¼ ë‚´ì¼ì„ ì´ì–´ì£¼ëŠ” ë‹¤ë¦¬ ê°™ì•„ìš”. Alpha íŒŒí˜•(8-10Hz)ì´ í¸ì•ˆí•œ ë°¤ê³¼ í¬ë§ì°¬ ì•„ì¹¨ì„ ì¤€ë¹„í•´ì¤˜ìš”.

âœ¨ ì´ ìŒì•…ì˜ ë§ˆë²•:
â€¢ ì ë“¤ê¸° ì „ì— ë“¤ìœ¼ë©´ ë” ìƒì¾Œí•˜ê²Œ ì¼ì–´ë‚˜ìš”
â€¢ ì•…ëª½ì„ ëœ ê¾¸ê³  í‰í™”ë¡œìš´ ê¿ˆì„ ê¿”ìš”
â€¢ ì•„ì¹¨ì— ê¸°ë¶„ ì¢‹ê²Œ ê¹° ìˆ˜ ìˆì–´ìš”

ğŸŒ… ë°¤ê³¼ ì•„ì¹¨ì˜ ì—°ê²°:
ì ë“¤ê¸° ì „ ë§ˆì§€ë§‰ ìƒê°ì´ ì¤‘ìš”í•´ìš”. ì´ ìŒì•…ì„ ë“¤ìœ¼ë©° 'ë‚´ì¼ì€ ì¢‹ì€ í•˜ë£¨ê°€ ë  ê±°ì•¼' í•˜ê³  ìƒê°í•´ë³´ì„¸ìš”. ì •ë§ë¡œ ê·¸ë ‡ê²Œ ë  í™•ë¥ ì´ ë†’ì•„ì ¸ìš”.

ğŸ’« ì¶”ì²œí•˜ëŠ” ë£¨í‹´:
ì €ë… â†’ Alpha ìŒì•…(ì´ ê³¡) â†’ ì ë“¤ê¸° â†’ Delta ìŒì•…
ë˜ëŠ”
Alpha ìŒì•… 30ë¶„ â†’ Delta ìŒì•…ìœ¼ë¡œ ìì—°ìŠ¤ëŸ½ê²Œ ì „í™˜

ì˜¤ëŠ˜ì˜ ê±±ì •ì€ ì˜¤ëŠ˜ ë°¤ì— ë‹¤ ë‚´ë ¤ë†“ì•„ìš” âœ¨
ë‚´ì¼ì˜ ë‹¹ì‹ ì€ ì˜¤ëŠ˜ë³´ë‹¤ ë” ë¹›ë‚  ê±°ì˜ˆìš” ğŸŒŸ

#AlphaWaves #MorningPrep #ë‚´ì¼ì„ìœ„í•œì¤€ë¹„ #í¬ë§ #ìˆ˜ë©´ìŒì•… #ìƒì¾Œí•œì•„ì¹¨ #BinauralBeats #PositiveSleep","Tomorrow will be a better day â˜€ï¸

This music is like a bridge connecting today and tomorrow. Alpha waves (8-10Hz) prepare you for peaceful night and hopeful morning.

âœ¨ This music's magic:
â€¢ Wake up more refreshed when listened to before sleep
â€¢ Have fewer nightmares and more peaceful dreams
â€¢ Can wake up feeling good in the morning

ğŸŒ… Connecting night and morning:
Your last thought before sleep matters. While listening, think 'Tomorrow will be a good day.' It actually increases the chance of it happening.

ğŸ’« Recommended routine:
Evening â†’ Alpha music (this track) â†’ Fall asleep â†’ Delta music
Or
Alpha music 30 min â†’ Naturally transition to Delta music

Leave today's worries in tonight âœ¨
Tomorrow's you will shine brighter than today ğŸŒŸ

#AlphaWaves #MorningPrep #Hope #SleepMusic #RefreshingMorning #BinauralBeats #PositiveSleep",creativeflow,softYellow
NM009,Theta Forest Breath - Natural Sleep,Create theta waves with forest atmosphere. Trees breathing wind through leaves bird settling sounds. Frequency: 4-7Hz. Natural rhythms of nature. Grounding peaceful. Forest safety.,Theta Forest Breath ğŸŒ² Natural Deep Sleep,"ìì—°ì´ ë‹¹ì‹ ì„ í’ˆì–´ì¤˜ìš” ğŸŒ²

ìˆ²ì†ì— ëˆ„ì›Œìˆë‹¤ê³  ìƒìƒí•´ë³´ì„¸ìš”. Theta íŒŒí˜•(4-7Hz)ê³¼ ë‚˜ë¬´ë“¤ì˜ ìˆ¨ì†Œë¦¬ê°€ ìì—°ê³¼ í•˜ë‚˜ ë˜ëŠ” ëŠë‚Œì„ ì¤„ ê±°ì˜ˆìš”.

âœ¨ ìˆ²ì˜ ì¹˜ìœ ë ¥:
ì¼ë³¸ì—ëŠ” 'ìˆ²ì† ëª©ìš•(æ£®æ—æµ´, Shinrin-yoku)'ì´ë¼ëŠ” ê²Œ ìˆì–´ìš”. ìˆ²ì— ìˆëŠ” ê²ƒë§Œìœ¼ë¡œë„ ìŠ¤íŠ¸ë ˆìŠ¤ê°€ ì¤„ì–´ë“¤ê³  ë§ˆìŒì´ í¸ì•ˆí•´ì§„ë‹¤ëŠ” ê±°ì˜ˆìš”. ì´ ìŒì•…ì´ ê·¸ëŸ° ê²½í—˜ì„ ì„ ë¬¼í•´ì¤„ ê±°ì˜ˆìš”.

ğŸŒ¿ ì´ ìŒì•…ì„ ë“¤ìœ¼ë©´:
â€¢ ë„ì‹œì˜ ì†ŒìŒì—ì„œ ë²—ì–´ë‚˜ í‰í™”ë¡œì›Œì ¸ìš”
â€¢ ìì—°ì˜ ë¦¬ë“¬ì— ëª¸ì´ ìì—°ìŠ¤ëŸ½ê²Œ ë™ê¸°í™”ë¼ìš”
â€¢ ë¨¸ë¦¿ì†ì´ ì´ˆë¡ë¹›ìœ¼ë¡œ ì±„ì›Œì§€ëŠ” ëŠë‚Œ

ğŸ’š ìˆ²ì€ ìš°ë¦¬ì˜ ì§‘:
ì¸ê°„ì€ ìˆ˜ì²œ ë…„ ë™ì•ˆ ìˆ²ì—ì„œ ì‚´ì•˜ì–´ìš”. ìˆ²ì˜ ì†Œë¦¬ëŠ” ìš°ë¦¬ DNAì— ìƒˆê²¨ì§„ ì•ˆì „ì˜ ì‹ í˜¸ì˜ˆìš”. ì´ ì†Œë¦¬ë¥¼ ë“¤ìœ¼ë©´ ë³¸ëŠ¥ì ìœ¼ë¡œ í¸ì•ˆí•´ì ¸ìš”.

ë‚˜ë¬´ë“¤ì´ ë‹¹ì‹ ì„ ì§€ì¼œì£¼ê³  ìˆì–´ìš” ğŸŒ²
ì˜¤ëŠ˜ ë°¤ì€ ìˆ²ì—ì„œ ìëŠ” ê²ƒì²˜ëŸ¼ í‰í™”ë¡­ê²Œ ğŸŒ¿

#ForestSounds #ThetaWaves #ìˆ²ì†Œë¦¬ #ìì—°ì¹˜ìœ  #íë§ #ëª…ìƒìŒì•… #BinauralBeats #NatureSleep","Nature embraces you ğŸŒ²

Imagine lying in a forest. Theta waves (4-7Hz) and the breathing of trees will make you feel one with nature.

âœ¨ Forest's healing power:
Japan has 'Forest Bathing (æ£®æ—æµ´, Shinrin-yoku)'. Just being in forest reduces stress and brings peace. This music will gift you that experience.

ğŸŒ¿ While listening to this music:
â€¢ Escape city noise and find peace
â€¢ Your body naturally synchronizes with nature's rhythm
â€¢ Feel your mind filling with green

ğŸ’š Forest is our home:
Humans lived in forests for thousands of years. Forest sounds are safety signals engraved in our DNA. Hearing these makes us instinctively comfortable.

Trees are watching over you ğŸŒ²
Tonight, sleep peacefully as if in a forest ğŸŒ¿

#ForestSounds #ThetaWaves #NatureHealing #Healing #Meditation #BinauralBeats #NatureSleep",zenfocus,softGreen